,weekly_hrs_training,lean_muscle_pct
0,0.5,0.00247262315663
1,1.0,0.0179862099621
2,1.5,0.119202922022
3,2.0,0.5
4,2.5,0.880797077978
5,3.0,0.982013790038
6,3.5,0.997527376843
7,4.0,0.99966464987
